source,t,order,variable,value
1d_trajectories/trapezoidal_law_example.json, -0.2, position, x, 5.0
1d_trajectories/trapezoidal_law_example.json, -0.2, velocity, x, 0
1d_trajectories/trapezoidal_law_example.json, -0.2, acceleration, x, 0
1d_trajectories/trapezoidal_law_example.json, -0.18000000000000002, position, x, 5.0
1d_trajectories/trapezoidal_law_example.json, -0.18000000000000002, velocity, x, 0
1d_trajectories/trapezoidal_law_example.json, -0.18000000000000002, acceleration, x, 0
1d_trajectories/trapezoidal_law_example.json, -0.16000000000000003, position, x, 5.0
1d_trajectories/trapezoidal_law_example.json, -0.16000000000000003, velocity, x, 0
1d_trajectories/trapezoidal_law_example.json, -0.16000000000000003, acceleration, x, 0
1d_trajectories/trapezoidal_law_example.json, -0.14000000000000004, position, x, 5.0
1d_trajectories/trapezoidal_law_example.json, -0.14000000000000004, velocity, x, 0
1d_trajectories/trapezoidal_law_example.json, -0.14000000000000004, acceleration, x, 0
1d_trajectories/trapezoidal_law_example.json, -0.12000000000000005, position, x, 5.0
1d_trajectories/trapezoidal_law_example.json, -0.12000000000000005, velocity, x, 0
1d_trajectories/trapezoidal_law_example.json, -0.12000000000000005, acceleration, x, 0
1d_trajectories/trapezoidal_law_example.json, -0.10000000000000006, position, x, 5.0
1d_trajectories/trapezoidal_law_example.json, -0.10000000000000006, velocity, x, 0
1d_trajectories/trapezoidal_law_example.json, -0.10000000000000006, acceleration, x, 0
1d_trajectories/trapezoidal_law_example.json, -0.08000000000000007, position, x, 5.0
1d_trajectories/trapezoidal_law_example.json, -0.08000000000000007, velocity, x, 0
1d_trajectories/trapezoidal_law_example.json, -0.08000000000000007, acceleration, x, 0
1d_trajectories/trapezoidal_law_example.json, -0.06000000000000008, position, x, 5.0
1d_trajectories/trapezoidal_law_example.json, -0.06000000000000008, velocity, x, 0
1d_trajectories/trapezoidal_law_example.json, -0.06000000000000008, acceleration, x, 0
1d_trajectories/trapezoidal_law_example.json, -0.04000000000000009, position, x, 5.0
1d_trajectories/trapezoidal_law_example.json, -0.04000000000000009, velocity, x, 0
1d_trajectories/trapezoidal_law_example.json, -0.04000000000000009, acceleration, x, 0
1d_trajectories/trapezoidal_law_example.json, -0.0200000000000001, position, x, 5.0
1d_trajectories/trapezoidal_law_example.json, -0.0200000000000001, velocity, x, 0
1d_trajectories/trapezoidal_law_example.json, -0.0200000000000001, acceleration, x, 0
1d_trajectories/trapezoidal_law_example.json, -1.1102230246251565e-16, position, x, 5.0
1d_trajectories/trapezoidal_law_example.json, -1.1102230246251565e-16, velocity, x, 0
1d_trajectories/trapezoidal_law_example.json, -1.1102230246251565e-16, acceleration, x, 0
1d_trajectories/trapezoidal_law_example.json, 0.01999999999999988, position, x, 4.998
1d_trajectories/trapezoidal_law_example.json, 0.01999999999999988, velocity, x, -0.1999999999999988
1d_trajectories/trapezoidal_law_example.json, 0.01999999999999988, acceleration, x, -10.0
1d_trajectories/trapezoidal_law_example.json, 0.03999999999999987, position, x, 4.992
1d_trajectories/trapezoidal_law_example.json, 0.03999999999999987, velocity, x, -0.3999999999999987
1d_trajectories/trapezoidal_law_example.json, 0.03999999999999987, acceleration, x, -10.0
1d_trajectories/trapezoidal_law_example.json, 0.05999999999999989, position, x, 4.982
1d_trajectories/trapezoidal_law_example.json, 0.05999999999999989, velocity, x, -0.5999999999999989
1d_trajectories/trapezoidal_law_example.json, 0.05999999999999989, acceleration, x, -10.0
1d_trajectories/trapezoidal_law_example.json, 0.07999999999999985, position, x, 4.968
1d_trajectories/trapezoidal_law_example.json, 0.07999999999999985, velocity, x, -0.7999999999999985
1d_trajectories/trapezoidal_law_example.json, 0.07999999999999985, acceleration, x, -10.0
1d_trajectories/trapezoidal_law_example.json, 0.09999999999999981, position, x, 4.95
1d_trajectories/trapezoidal_law_example.json, 0.09999999999999981, velocity, x, -0.9999999999999981
1d_trajectories/trapezoidal_law_example.json, 0.09999999999999981, acceleration, x, -10.0
1d_trajectories/trapezoidal_law_example.json, 0.11999999999999983, position, x, 4.928
1d_trajectories/trapezoidal_law_example.json, 0.11999999999999983, velocity, x, -1.1999999999999984
1d_trajectories/trapezoidal_law_example.json, 0.11999999999999983, acceleration, x, -10.0
1d_trajectories/trapezoidal_law_example.json, 0.13999999999999985, position, x, 4.902
1d_trajectories/trapezoidal_law_example.json, 0.13999999999999985, velocity, x, -1.3999999999999986
1d_trajectories/trapezoidal_law_example.json, 0.13999999999999985, acceleration, x, -10.0
1d_trajectories/trapezoidal_law_example.json, 0.1599999999999998, position, x, 4.872
1d_trajectories/trapezoidal_law_example.json, 0.1599999999999998, velocity, x, -1.599999999999998
1d_trajectories/trapezoidal_law_example.json, 0.1599999999999998, acceleration, x, -10.0
1d_trajectories/trapezoidal_law_example.json, 0.17999999999999977, position, x, 4.838
1d_trajectories/trapezoidal_law_example.json, 0.17999999999999977, velocity, x, -1.7999999999999976
1d_trajectories/trapezoidal_law_example.json, 0.17999999999999977, acceleration, x, -10.0
1d_trajectories/trapezoidal_law_example.json, 0.1999999999999998, position, x, 4.800000000000001
1d_trajectories/trapezoidal_law_example.json, 0.1999999999999998, velocity, x, -1.9999999999999978
1d_trajectories/trapezoidal_law_example.json, 0.1999999999999998, acceleration, x, -10.0
1d_trajectories/trapezoidal_law_example.json, 0.2199999999999998, position, x, 4.758
1d_trajectories/trapezoidal_law_example.json, 0.2199999999999998, velocity, x, -2.199999999999998
1d_trajectories/trapezoidal_law_example.json, 0.2199999999999998, acceleration, x, -10.0
1d_trajectories/trapezoidal_law_example.json, 0.23999999999999977, position, x, 4.712000000000001
1d_trajectories/trapezoidal_law_example.json, 0.23999999999999977, velocity, x, -2.3999999999999977
1d_trajectories/trapezoidal_law_example.json, 0.23999999999999977, acceleration, x, -10.0
1d_trajectories/trapezoidal_law_example.json, 0.25999999999999973, position, x, 4.662000000000001
1d_trajectories/trapezoidal_law_example.json, 0.25999999999999973, velocity, x, -2.5999999999999974
1d_trajectories/trapezoidal_law_example.json, 0.25999999999999973, acceleration, x, -10.0
1d_trajectories/trapezoidal_law_example.json, 0.27999999999999975, position, x, 4.6080000000000005
1d_trajectories/trapezoidal_law_example.json, 0.27999999999999975, velocity, x, -2.7999999999999976
1d_trajectories/trapezoidal_law_example.json, 0.27999999999999975, acceleration, x, -10.0
1d_trajectories/trapezoidal_law_example.json, 0.29999999999999977, position, x, 4.550000000000001
1d_trajectories/trapezoidal_law_example.json, 0.29999999999999977, velocity, x, -2.999999999999998
1d_trajectories/trapezoidal_law_example.json, 0.29999999999999977, acceleration, x, -10.0
1d_trajectories/trapezoidal_law_example.json, 0.3199999999999998, position, x, 4.49
1d_trajectories/trapezoidal_law_example.json, 0.3199999999999998, velocity, x, -3.0
1d_trajectories/trapezoidal_law_example.json, 0.3199999999999998, acceleration, x, -10.0
1d_trajectories/trapezoidal_law_example.json, 0.3399999999999997, position, x, 4.430000000000001
1d_trajectories/trapezoidal_law_example.json, 0.3399999999999997, velocity, x, -3.0
1d_trajectories/trapezoidal_law_example.json, 0.3399999999999997, acceleration, x, -10.0
1d_trajectories/trapezoidal_law_example.json, 0.3599999999999997, position, x, 4.370000000000001
1d_trajectories/trapezoidal_law_example.json, 0.3599999999999997, velocity, x, -3.0
1d_trajectories/trapezoidal_law_example.json, 0.3599999999999997, acceleration, x, -10.0
1d_trajectories/trapezoidal_law_example.json, 0.3799999999999997, position, x, 4.3100000000000005
1d_trajectories/trapezoidal_law_example.json, 0.3799999999999997, velocity, x, -3.0
1d_trajectories/trapezoidal_law_example.json, 0.3799999999999997, acceleration, x, -10.0
1d_trajectories/trapezoidal_law_example.json, 0.39999999999999963, position, x, 4.250000000000001
1d_trajectories/trapezoidal_law_example.json, 0.39999999999999963, velocity, x, -3.0
1d_trajectories/trapezoidal_law_example.json, 0.39999999999999963, acceleration, x, -10.0
1d_trajectories/trapezoidal_law_example.json, 0.41999999999999965, position, x, 4.190000000000001
1d_trajectories/trapezoidal_law_example.json, 0.41999999999999965, velocity, x, -3.0
1d_trajectories/trapezoidal_law_example.json, 0.41999999999999965, acceleration, x, -10.0
1d_trajectories/trapezoidal_law_example.json, 0.43999999999999967, position, x, 4.130000000000001
1d_trajectories/trapezoidal_law_example.json, 0.43999999999999967, velocity, x, -3.0
1d_trajectories/trapezoidal_law_example.json, 0.43999999999999967, acceleration, x, -10.0
1d_trajectories/trapezoidal_law_example.json, 0.4599999999999997, position, x, 4.070000000000001
1d_trajectories/trapezoidal_law_example.json, 0.4599999999999997, velocity, x, -3.0
1d_trajectories/trapezoidal_law_example.json, 0.4599999999999997, acceleration, x, -10.0
1d_trajectories/trapezoidal_law_example.json, 0.4799999999999997, position, x, 4.010000000000001
1d_trajectories/trapezoidal_law_example.json, 0.4799999999999997, velocity, x, -3.0
1d_trajectories/trapezoidal_law_example.json, 0.4799999999999997, acceleration, x, -10.0
1d_trajectories/trapezoidal_law_example.json, 0.4999999999999996, position, x, 3.950000000000001
1d_trajectories/trapezoidal_law_example.json, 0.4999999999999996, velocity, x, -3.0
1d_trajectories/trapezoidal_law_example.json, 0.4999999999999996, acceleration, x, -10.0
1d_trajectories/trapezoidal_law_example.json, 0.5199999999999996, position, x, 3.8900000000000015
1d_trajectories/trapezoidal_law_example.json, 0.5199999999999996, velocity, x, -3.0
1d_trajectories/trapezoidal_law_example.json, 0.5199999999999996, acceleration, x, -10.0
1d_trajectories/trapezoidal_law_example.json, 0.5399999999999996, position, x, 3.830000000000001
1d_trajectories/trapezoidal_law_example.json, 0.5399999999999996, velocity, x, -3.0
1d_trajectories/trapezoidal_law_example.json, 0.5399999999999996, acceleration, x, -10.0
1d_trajectories/trapezoidal_law_example.json, 0.5599999999999996, position, x, 3.7700000000000014
1d_trajectories/trapezoidal_law_example.json, 0.5599999999999996, velocity, x, -3.0
1d_trajectories/trapezoidal_law_example.json, 0.5599999999999996, acceleration, x, -10.0
1d_trajectories/trapezoidal_law_example.json, 0.5799999999999996, position, x, 3.710000000000001
1d_trajectories/trapezoidal_law_example.json, 0.5799999999999996, velocity, x, -3.0
1d_trajectories/trapezoidal_law_example.json, 0.5799999999999996, acceleration, x, -10.0
1d_trajectories/trapezoidal_law_example.json, 0.5999999999999996, position, x, 3.6500000000000012
1d_trajectories/trapezoidal_law_example.json, 0.5999999999999996, velocity, x, -3.0
1d_trajectories/trapezoidal_law_example.json, 0.5999999999999996, acceleration, x, -10.0
1d_trajectories/trapezoidal_law_example.json, 0.6199999999999997, position, x, 3.5900000000000007
1d_trajectories/trapezoidal_law_example.json, 0.6199999999999997, velocity, x, -3.0
1d_trajectories/trapezoidal_law_example.json, 0.6199999999999997, acceleration, x, -10.0
1d_trajectories/trapezoidal_law_example.json, 0.6399999999999997, position, x, 3.530000000000001
1d_trajectories/trapezoidal_law_example.json, 0.6399999999999997, velocity, x, -3.0
1d_trajectories/trapezoidal_law_example.json, 0.6399999999999997, acceleration, x, -10.0
1d_trajectories/trapezoidal_law_example.json, 0.6599999999999995, position, x, 3.4700000000000015
1d_trajectories/trapezoidal_law_example.json, 0.6599999999999995, velocity, x, -3.0
1d_trajectories/trapezoidal_law_example.json, 0.6599999999999995, acceleration, x, -10.0
1d_trajectories/trapezoidal_law_example.json, 0.6799999999999995, position, x, 3.4100000000000015
1d_trajectories/trapezoidal_law_example.json, 0.6799999999999995, velocity, x, -3.0
1d_trajectories/trapezoidal_law_example.json, 0.6799999999999995, acceleration, x, -10.0
1d_trajectories/trapezoidal_law_example.json, 0.6999999999999995, position, x, 3.3500000000000014
1d_trajectories/trapezoidal_law_example.json, 0.6999999999999995, velocity, x, -3.0
1d_trajectories/trapezoidal_law_example.json, 0.6999999999999995, acceleration, x, -10.0
1d_trajectories/trapezoidal_law_example.json, 0.7199999999999995, position, x, 3.2900000000000014
1d_trajectories/trapezoidal_law_example.json, 0.7199999999999995, velocity, x, -3.0
1d_trajectories/trapezoidal_law_example.json, 0.7199999999999995, acceleration, x, -10.0
1d_trajectories/trapezoidal_law_example.json, 0.7399999999999995, position, x, 3.2300000000000013
1d_trajectories/trapezoidal_law_example.json, 0.7399999999999995, velocity, x, -3.0
1d_trajectories/trapezoidal_law_example.json, 0.7399999999999995, acceleration, x, -10.0
1d_trajectories/trapezoidal_law_example.json, 0.7599999999999996, position, x, 3.1700000000000013
1d_trajectories/trapezoidal_law_example.json, 0.7599999999999996, velocity, x, -3.0
1d_trajectories/trapezoidal_law_example.json, 0.7599999999999996, acceleration, x, -10.0
1d_trajectories/trapezoidal_law_example.json, 0.7799999999999996, position, x, 3.110000000000001
1d_trajectories/trapezoidal_law_example.json, 0.7799999999999996, velocity, x, -3.0
1d_trajectories/trapezoidal_law_example.json, 0.7799999999999996, acceleration, x, -10.0
1d_trajectories/trapezoidal_law_example.json, 0.7999999999999996, position, x, 3.050000000000001
1d_trajectories/trapezoidal_law_example.json, 0.7999999999999996, velocity, x, -3.0
1d_trajectories/trapezoidal_law_example.json, 0.7999999999999996, acceleration, x, -10.0
1d_trajectories/trapezoidal_law_example.json, 0.8199999999999996, position, x, 2.990000000000001
1d_trajectories/trapezoidal_law_example.json, 0.8199999999999996, velocity, x, -3.0
1d_trajectories/trapezoidal_law_example.json, 0.8199999999999996, acceleration, x, -10.0
1d_trajectories/trapezoidal_law_example.json, 0.8399999999999996, position, x, 2.9300000000000015
1d_trajectories/trapezoidal_law_example.json, 0.8399999999999996, velocity, x, -3.0
1d_trajectories/trapezoidal_law_example.json, 0.8399999999999996, acceleration, x, -10.0
1d_trajectories/trapezoidal_law_example.json, 0.8599999999999994, position, x, 2.870000000000002
1d_trajectories/trapezoidal_law_example.json, 0.8599999999999994, velocity, x, -3.0
1d_trajectories/trapezoidal_law_example.json, 0.8599999999999994, acceleration, x, -10.0
1d_trajectories/trapezoidal_law_example.json, 0.8799999999999994, position, x, 2.810000000000002
1d_trajectories/trapezoidal_law_example.json, 0.8799999999999994, velocity, x, -3.0
1d_trajectories/trapezoidal_law_example.json, 0.8799999999999994, acceleration, x, -10.0
1d_trajectories/trapezoidal_law_example.json, 0.8999999999999995, position, x, 2.7500000000000018
1d_trajectories/trapezoidal_law_example.json, 0.8999999999999995, velocity, x, -3.0
1d_trajectories/trapezoidal_law_example.json, 0.8999999999999995, acceleration, x, -10.0
1d_trajectories/trapezoidal_law_example.json, 0.9199999999999995, position, x, 2.6900000000000017
1d_trajectories/trapezoidal_law_example.json, 0.9199999999999995, velocity, x, -3.0
1d_trajectories/trapezoidal_law_example.json, 0.9199999999999995, acceleration, x, -10.0
1d_trajectories/trapezoidal_law_example.json, 0.9399999999999995, position, x, 2.6300000000000017
1d_trajectories/trapezoidal_law_example.json, 0.9399999999999995, velocity, x, -3.0
1d_trajectories/trapezoidal_law_example.json, 0.9399999999999995, acceleration, x, -10.0
1d_trajectories/trapezoidal_law_example.json, 0.9599999999999995, position, x, 2.5700000000000016
1d_trajectories/trapezoidal_law_example.json, 0.9599999999999995, velocity, x, -3.0
1d_trajectories/trapezoidal_law_example.json, 0.9599999999999995, acceleration, x, -10.0
1d_trajectories/trapezoidal_law_example.json, 0.9799999999999995, position, x, 2.5100000000000016
1d_trajectories/trapezoidal_law_example.json, 0.9799999999999995, velocity, x, -3.0
1d_trajectories/trapezoidal_law_example.json, 0.9799999999999995, acceleration, x, -10.0
1d_trajectories/trapezoidal_law_example.json, 0.9999999999999993, position, x, 2.450000000000002
1d_trajectories/trapezoidal_law_example.json, 0.9999999999999993, velocity, x, -3.0
1d_trajectories/trapezoidal_law_example.json, 0.9999999999999993, acceleration, x, -10.0
1d_trajectories/trapezoidal_law_example.json, 1.0199999999999994, position, x, 2.3900000000000023
1d_trajectories/trapezoidal_law_example.json, 1.0199999999999994, velocity, x, -3.0
1d_trajectories/trapezoidal_law_example.json, 1.0199999999999994, acceleration, x, -10.0
1d_trajectories/trapezoidal_law_example.json, 1.0399999999999994, position, x, 2.330000000000002
1d_trajectories/trapezoidal_law_example.json, 1.0399999999999994, velocity, x, -3.0
1d_trajectories/trapezoidal_law_example.json, 1.0399999999999994, acceleration, x, -10.0
1d_trajectories/trapezoidal_law_example.json, 1.0599999999999994, position, x, 2.2700000000000022
1d_trajectories/trapezoidal_law_example.json, 1.0599999999999994, velocity, x, -3.0
1d_trajectories/trapezoidal_law_example.json, 1.0599999999999994, acceleration, x, -10.0
1d_trajectories/trapezoidal_law_example.json, 1.0799999999999994, position, x, 2.2100000000000017
1d_trajectories/trapezoidal_law_example.json, 1.0799999999999994, velocity, x, -3.0
1d_trajectories/trapezoidal_law_example.json, 1.0799999999999994, acceleration, x, -10.0
1d_trajectories/trapezoidal_law_example.json, 1.0999999999999994, position, x, 2.150000000000002
1d_trajectories/trapezoidal_law_example.json, 1.0999999999999994, velocity, x, -3.0
1d_trajectories/trapezoidal_law_example.json, 1.0999999999999994, acceleration, x, -10.0
1d_trajectories/trapezoidal_law_example.json, 1.1199999999999994, position, x, 2.0900000000000016
1d_trajectories/trapezoidal_law_example.json, 1.1199999999999994, velocity, x, -3.0
1d_trajectories/trapezoidal_law_example.json, 1.1199999999999994, acceleration, x, -10.0
1d_trajectories/trapezoidal_law_example.json, 1.1399999999999995, position, x, 2.030000000000002
1d_trajectories/trapezoidal_law_example.json, 1.1399999999999995, velocity, x, -3.0
1d_trajectories/trapezoidal_law_example.json, 1.1399999999999995, acceleration, x, -10.0
1d_trajectories/trapezoidal_law_example.json, 1.1599999999999995, position, x, 1.9700000000000015
1d_trajectories/trapezoidal_law_example.json, 1.1599999999999995, velocity, x, -3.0
1d_trajectories/trapezoidal_law_example.json, 1.1599999999999995, acceleration, x, -10.0
1d_trajectories/trapezoidal_law_example.json, 1.1799999999999993, position, x, 1.910000000000002
1d_trajectories/trapezoidal_law_example.json, 1.1799999999999993, velocity, x, -3.0
1d_trajectories/trapezoidal_law_example.json, 1.1799999999999993, acceleration, x, -10.0
1d_trajectories/trapezoidal_law_example.json, 1.1999999999999993, position, x, 1.8500000000000023
1d_trajectories/trapezoidal_law_example.json, 1.1999999999999993, velocity, x, -3.0
1d_trajectories/trapezoidal_law_example.json, 1.1999999999999993, acceleration, x, -10.0
1d_trajectories/trapezoidal_law_example.json, 1.2199999999999993, position, x, 1.7900000000000018
1d_trajectories/trapezoidal_law_example.json, 1.2199999999999993, velocity, x, -3.0
1d_trajectories/trapezoidal_law_example.json, 1.2199999999999993, acceleration, x, -10.0
1d_trajectories/trapezoidal_law_example.json, 1.2399999999999993, position, x, 1.7300000000000022
1d_trajectories/trapezoidal_law_example.json, 1.2399999999999993, velocity, x, -3.0
1d_trajectories/trapezoidal_law_example.json, 1.2399999999999993, acceleration, x, -10.0
1d_trajectories/trapezoidal_law_example.json, 1.2599999999999993, position, x, 1.6700000000000017
1d_trajectories/trapezoidal_law_example.json, 1.2599999999999993, velocity, x, -3.0
1d_trajectories/trapezoidal_law_example.json, 1.2599999999999993, acceleration, x, -10.0
1d_trajectories/trapezoidal_law_example.json, 1.2799999999999994, position, x, 1.610000000000002
1d_trajectories/trapezoidal_law_example.json, 1.2799999999999994, velocity, x, -3.0
1d_trajectories/trapezoidal_law_example.json, 1.2799999999999994, acceleration, x, -10.0
1d_trajectories/trapezoidal_law_example.json, 1.2999999999999994, position, x, 1.5500000000000016
1d_trajectories/trapezoidal_law_example.json, 1.2999999999999994, velocity, x, -3.0
1d_trajectories/trapezoidal_law_example.json, 1.2999999999999994, acceleration, x, -10.0
1d_trajectories/trapezoidal_law_example.json, 1.3199999999999992, position, x, 1.4900000000000029
1d_trajectories/trapezoidal_law_example.json, 1.3199999999999992, velocity, x, -3.0
1d_trajectories/trapezoidal_law_example.json, 1.3199999999999992, acceleration, x, -10.0
1d_trajectories/trapezoidal_law_example.json, 1.3399999999999992, position, x, 1.4300000000000024
1d_trajectories/trapezoidal_law_example.json, 1.3399999999999992, velocity, x, -3.0
1d_trajectories/trapezoidal_law_example.json, 1.3399999999999992, acceleration, x, -10.0
1d_trajectories/trapezoidal_law_example.json, 1.3599999999999992, position, x, 1.3700000000000028
1d_trajectories/trapezoidal_law_example.json, 1.3599999999999992, velocity, x, -3.0
1d_trajectories/trapezoidal_law_example.json, 1.3599999999999992, acceleration, x, -10.0
1d_trajectories/trapezoidal_law_example.json, 1.3799999999999992, position, x, 1.3100000000000023
1d_trajectories/trapezoidal_law_example.json, 1.3799999999999992, velocity, x, -3.0
1d_trajectories/trapezoidal_law_example.json, 1.3799999999999992, acceleration, x, -10.0
1d_trajectories/trapezoidal_law_example.json, 1.3999999999999992, position, x, 1.2500000000000027
1d_trajectories/trapezoidal_law_example.json, 1.3999999999999992, velocity, x, -3.0
1d_trajectories/trapezoidal_law_example.json, 1.3999999999999992, acceleration, x, -10.0
1d_trajectories/trapezoidal_law_example.json, 1.4199999999999993, position, x, 1.1900000000000022
1d_trajectories/trapezoidal_law_example.json, 1.4199999999999993, velocity, x, -3.0
1d_trajectories/trapezoidal_law_example.json, 1.4199999999999993, acceleration, x, -10.0
1d_trajectories/trapezoidal_law_example.json, 1.4399999999999993, position, x, 1.1300000000000026
1d_trajectories/trapezoidal_law_example.json, 1.4399999999999993, velocity, x, -3.0
1d_trajectories/trapezoidal_law_example.json, 1.4399999999999993, acceleration, x, -10.0
1d_trajectories/trapezoidal_law_example.json, 1.4599999999999993, position, x, 1.070000000000002
1d_trajectories/trapezoidal_law_example.json, 1.4599999999999993, velocity, x, -3.0
1d_trajectories/trapezoidal_law_example.json, 1.4599999999999993, acceleration, x, -10.0
1d_trajectories/trapezoidal_law_example.json, 1.4799999999999993, position, x, 1.0100000000000025
1d_trajectories/trapezoidal_law_example.json, 1.4799999999999993, velocity, x, -3.0
1d_trajectories/trapezoidal_law_example.json, 1.4799999999999993, acceleration, x, -10.0
1d_trajectories/trapezoidal_law_example.json, 1.4999999999999991, position, x, 0.9500000000000028
1d_trajectories/trapezoidal_law_example.json, 1.4999999999999991, velocity, x, -3.0
1d_trajectories/trapezoidal_law_example.json, 1.4999999999999991, acceleration, x, -10.0
1d_trajectories/trapezoidal_law_example.json, 1.5199999999999991, position, x, 0.8900000000000023
1d_trajectories/trapezoidal_law_example.json, 1.5199999999999991, velocity, x, -3.0
1d_trajectories/trapezoidal_law_example.json, 1.5199999999999991, acceleration, x, -10.0
1d_trajectories/trapezoidal_law_example.json, 1.5399999999999991, position, x, 0.8300000000000027
1d_trajectories/trapezoidal_law_example.json, 1.5399999999999991, velocity, x, -3.0
1d_trajectories/trapezoidal_law_example.json, 1.5399999999999991, acceleration, x, -10.0
1d_trajectories/trapezoidal_law_example.json, 1.5599999999999992, position, x, 0.7700000000000022
1d_trajectories/trapezoidal_law_example.json, 1.5599999999999992, velocity, x, -3.0
1d_trajectories/trapezoidal_law_example.json, 1.5599999999999992, acceleration, x, -10.0
1d_trajectories/trapezoidal_law_example.json, 1.5799999999999992, position, x, 0.7100000000000026
1d_trajectories/trapezoidal_law_example.json, 1.5799999999999992, velocity, x, -3.0
1d_trajectories/trapezoidal_law_example.json, 1.5799999999999992, acceleration, x, -10.0
1d_trajectories/trapezoidal_law_example.json, 1.5999999999999992, position, x, 0.6500000000000021
1d_trajectories/trapezoidal_law_example.json, 1.5999999999999992, velocity, x, -3.0
1d_trajectories/trapezoidal_law_example.json, 1.5999999999999992, acceleration, x, -10.0
1d_trajectories/trapezoidal_law_example.json, 1.6199999999999992, position, x, 0.5900000000000025
1d_trajectories/trapezoidal_law_example.json, 1.6199999999999992, velocity, x, -3.0
1d_trajectories/trapezoidal_law_example.json, 1.6199999999999992, acceleration, x, -10.0
1d_trajectories/trapezoidal_law_example.json, 1.639999999999999, position, x, 0.5300000000000029
1d_trajectories/trapezoidal_law_example.json, 1.639999999999999, velocity, x, -3.0
1d_trajectories/trapezoidal_law_example.json, 1.639999999999999, acceleration, x, -10.0
1d_trajectories/trapezoidal_law_example.json, 1.659999999999999, position, x, 0.4700000000000033
1d_trajectories/trapezoidal_law_example.json, 1.659999999999999, velocity, x, -3.0
1d_trajectories/trapezoidal_law_example.json, 1.659999999999999, acceleration, x, -10.0
1d_trajectories/trapezoidal_law_example.json, 1.679999999999999, position, x, 0.4100000000000028
1d_trajectories/trapezoidal_law_example.json, 1.679999999999999, velocity, x, -3.0
1d_trajectories/trapezoidal_law_example.json, 1.679999999999999, acceleration, x, -10.0
1d_trajectories/trapezoidal_law_example.json, 1.699999999999999, position, x, 0.3500000000000023
1d_trajectories/trapezoidal_law_example.json, 1.699999999999999, velocity, x, -3.0
1d_trajectories/trapezoidal_law_example.json, 1.699999999999999, acceleration, x, -10.0
1d_trajectories/trapezoidal_law_example.json, 1.719999999999999, position, x, 0.2900000000000027
1d_trajectories/trapezoidal_law_example.json, 1.719999999999999, velocity, x, -3.0
1d_trajectories/trapezoidal_law_example.json, 1.719999999999999, acceleration, x, -10.0
1d_trajectories/trapezoidal_law_example.json, 1.739999999999999, position, x, 0.2300000000000031
1d_trajectories/trapezoidal_law_example.json, 1.739999999999999, velocity, x, -3.0
1d_trajectories/trapezoidal_law_example.json, 1.739999999999999, acceleration, x, -10.0
1d_trajectories/trapezoidal_law_example.json, 1.7599999999999991, position, x, 0.1700000000000026
1d_trajectories/trapezoidal_law_example.json, 1.7599999999999991, velocity, x, -3.0
1d_trajectories/trapezoidal_law_example.json, 1.7599999999999991, acceleration, x, -10.0
1d_trajectories/trapezoidal_law_example.json, 1.7799999999999991, position, x, 0.1100000000000021
1d_trajectories/trapezoidal_law_example.json, 1.7799999999999991, velocity, x, -3.0
1d_trajectories/trapezoidal_law_example.json, 1.7799999999999991, acceleration, x, -10.0
1d_trajectories/trapezoidal_law_example.json, 1.7999999999999992, position, x, 0.05000000000000249
1d_trajectories/trapezoidal_law_example.json, 1.7999999999999992, velocity, x, -3.0
1d_trajectories/trapezoidal_law_example.json, 1.7999999999999992, acceleration, x, -10.0
1d_trajectories/trapezoidal_law_example.json, 1.8199999999999992, position, x, -0.009999999999997122
1d_trajectories/trapezoidal_law_example.json, 1.8199999999999992, velocity, x, -3.0
1d_trajectories/trapezoidal_law_example.json, 1.8199999999999992, acceleration, x, -10.0
1d_trajectories/trapezoidal_law_example.json, 1.8399999999999992, position, x, -0.06999999999999762
1d_trajectories/trapezoidal_law_example.json, 1.8399999999999992, velocity, x, -3.0
1d_trajectories/trapezoidal_law_example.json, 1.8399999999999992, acceleration, x, -10.0
1d_trajectories/trapezoidal_law_example.json, 1.8599999999999992, position, x, -0.12999999999999812
1d_trajectories/trapezoidal_law_example.json, 1.8599999999999992, velocity, x, -3.0
1d_trajectories/trapezoidal_law_example.json, 1.8599999999999992, acceleration, x, -10.0
1d_trajectories/trapezoidal_law_example.json, 1.8799999999999992, position, x, -0.18999999999999773
1d_trajectories/trapezoidal_law_example.json, 1.8799999999999992, velocity, x, -3.0
1d_trajectories/trapezoidal_law_example.json, 1.8799999999999992, acceleration, x, -10.0
1d_trajectories/trapezoidal_law_example.json, 1.8999999999999988, position, x, -0.24999999999999645
1d_trajectories/trapezoidal_law_example.json, 1.8999999999999988, velocity, x, -3.0
1d_trajectories/trapezoidal_law_example.json, 1.8999999999999988, acceleration, x, -10.0
1d_trajectories/trapezoidal_law_example.json, 1.9199999999999988, position, x, -0.30999999999999606
1d_trajectories/trapezoidal_law_example.json, 1.9199999999999988, velocity, x, -3.0
1d_trajectories/trapezoidal_law_example.json, 1.9199999999999988, acceleration, x, -10.0
1d_trajectories/trapezoidal_law_example.json, 1.9399999999999988, position, x, -0.36999999999999655
1d_trajectories/trapezoidal_law_example.json, 1.9399999999999988, velocity, x, -3.0
1d_trajectories/trapezoidal_law_example.json, 1.9399999999999988, acceleration, x, -10.0
1d_trajectories/trapezoidal_law_example.json, 1.9599999999999989, position, x, -0.42999999999999705
1d_trajectories/trapezoidal_law_example.json, 1.9599999999999989, velocity, x, -3.0
1d_trajectories/trapezoidal_law_example.json, 1.9599999999999989, acceleration, x, -10.0
1d_trajectories/trapezoidal_law_example.json, 1.9799999999999989, position, x, -0.48999999999999666
1d_trajectories/trapezoidal_law_example.json, 1.9799999999999989, velocity, x, -3.0
1d_trajectories/trapezoidal_law_example.json, 1.9799999999999989, acceleration, x, -10.0
1d_trajectories/trapezoidal_law_example.json, 1.999999999999999, position, x, -0.5499999999999963
1d_trajectories/trapezoidal_law_example.json, 1.999999999999999, velocity, x, -3.0
1d_trajectories/trapezoidal_law_example.json, 1.999999999999999, acceleration, x, -10.0
1d_trajectories/trapezoidal_law_example.json, 2.0199999999999987, position, x, -0.6079999999999968
1d_trajectories/trapezoidal_law_example.json, 2.0199999999999987, velocity, x, -2.8000000000000114
1d_trajectories/trapezoidal_law_example.json, 2.0199999999999987, acceleration, x, -10.0
1d_trajectories/trapezoidal_law_example.json, 2.0399999999999987, position, x, -0.661999999999997
1d_trajectories/trapezoidal_law_example.json, 2.0399999999999987, velocity, x, -2.600000000000011
1d_trajectories/trapezoidal_law_example.json, 2.0399999999999987, acceleration, x, -10.0
1d_trajectories/trapezoidal_law_example.json, 2.0599999999999987, position, x, -0.7119999999999973
1d_trajectories/trapezoidal_law_example.json, 2.0599999999999987, velocity, x, -2.400000000000011
1d_trajectories/trapezoidal_law_example.json, 2.0599999999999987, acceleration, x, -10.0
1d_trajectories/trapezoidal_law_example.json, 2.0799999999999987, position, x, -0.7579999999999976
1d_trajectories/trapezoidal_law_example.json, 2.0799999999999987, velocity, x, -2.200000000000011
1d_trajectories/trapezoidal_law_example.json, 2.0799999999999987, acceleration, x, -10.0
1d_trajectories/trapezoidal_law_example.json, 2.0999999999999988, position, x, -0.7999999999999978
1d_trajectories/trapezoidal_law_example.json, 2.0999999999999988, velocity, x, -2.0000000000000107
1d_trajectories/trapezoidal_law_example.json, 2.0999999999999988, acceleration, x, -10.0
1d_trajectories/trapezoidal_law_example.json, 2.1199999999999988, position, x, -0.8379999999999981
1d_trajectories/trapezoidal_law_example.json, 2.1199999999999988, velocity, x, -1.8000000000000105
1d_trajectories/trapezoidal_law_example.json, 2.1199999999999988, acceleration, x, -10.0
1d_trajectories/trapezoidal_law_example.json, 2.139999999999999, position, x, -0.8719999999999983
1d_trajectories/trapezoidal_law_example.json, 2.139999999999999, velocity, x, -1.6000000000000103
1d_trajectories/trapezoidal_law_example.json, 2.139999999999999, acceleration, x, -10.0
1d_trajectories/trapezoidal_law_example.json, 2.159999999999999, position, x, -0.9019999999999986
1d_trajectories/trapezoidal_law_example.json, 2.159999999999999, velocity, x, -1.4000000000000101
1d_trajectories/trapezoidal_law_example.json, 2.159999999999999, acceleration, x, -10.0
1d_trajectories/trapezoidal_law_example.json, 2.179999999999999, position, x, -0.9279999999999988
1d_trajectories/trapezoidal_law_example.json, 2.179999999999999, velocity, x, -1.20000000000001
1d_trajectories/trapezoidal_law_example.json, 2.179999999999999, acceleration, x, -10.0
1d_trajectories/trapezoidal_law_example.json, 2.1999999999999984, position, x, -0.9499999999999986
1d_trajectories/trapezoidal_law_example.json, 2.1999999999999984, velocity, x, -1.0000000000000142
1d_trajectories/trapezoidal_law_example.json, 2.1999999999999984, acceleration, x, -10.0
1d_trajectories/trapezoidal_law_example.json, 2.2199999999999984, position, x, -0.9679999999999989
1d_trajectories/trapezoidal_law_example.json, 2.2199999999999984, velocity, x, -0.800000000000014
1d_trajectories/trapezoidal_law_example.json, 2.2199999999999984, acceleration, x, -10.0
1d_trajectories/trapezoidal_law_example.json, 2.2399999999999984, position, x, -0.9819999999999992
1d_trajectories/trapezoidal_law_example.json, 2.2399999999999984, velocity, x, -0.6000000000000139
1d_trajectories/trapezoidal_law_example.json, 2.2399999999999984, acceleration, x, -10.0
1d_trajectories/trapezoidal_law_example.json, 2.2599999999999985, position, x, -0.9919999999999994
1d_trajectories/trapezoidal_law_example.json, 2.2599999999999985, velocity, x, -0.4000000000000137
1d_trajectories/trapezoidal_law_example.json, 2.2599999999999985, acceleration, x, -10.0
1d_trajectories/trapezoidal_law_example.json, 2.2799999999999985, position, x, -0.9979999999999998
1d_trajectories/trapezoidal_law_example.json, 2.2799999999999985, velocity, x, -0.2000000000000135
1d_trajectories/trapezoidal_law_example.json, 2.2799999999999985, acceleration, x, -10.0
1d_trajectories/trapezoidal_law_example.json, 2.2999999999999985, position, x, -1.0
1d_trajectories/trapezoidal_law_example.json, 2.2999999999999985, velocity, x, -1.3322676295501878e-14
1d_trajectories/trapezoidal_law_example.json, 2.2999999999999985, acceleration, x, 0
1d_trajectories/trapezoidal_law_example.json, 2.3199999999999985, position, x, -1.0
else
1d_trajectories/trapezoidal_law_example.json, 2.3199999999999985, velocity, x, 0.19999999999998685
else
1d_trajectories/trapezoidal_law_example.json, 2.3199999999999985, acceleration, x, 10.0
else
1d_trajectories/trapezoidal_law_example.json, 2.3399999999999985, position, x, -0.9920000000000005
else
1d_trajectories/trapezoidal_law_example.json, 2.3399999999999985, velocity, x, 0.39999999999998703
else
1d_trajectories/trapezoidal_law_example.json, 2.3399999999999985, acceleration, x, 10.0
else
1d_trajectories/trapezoidal_law_example.json, 2.3599999999999985, position, x, -0.9820000000000008
else
1d_trajectories/trapezoidal_law_example.json, 2.3599999999999985, velocity, x, 0.5999999999999872
else
1d_trajectories/trapezoidal_law_example.json, 2.3599999999999985, acceleration, x, 10.0
else
1d_trajectories/trapezoidal_law_example.json, 2.3799999999999986, position, x, -0.968000000000001
else
1d_trajectories/trapezoidal_law_example.json, 2.3799999999999986, velocity, x, 0.7999999999999874
else
1d_trajectories/trapezoidal_law_example.json, 2.3799999999999986, acceleration, x, 10.0
else
1d_trajectories/trapezoidal_law_example.json, 2.3999999999999986, position, x, -0.9500000000000013
else
1d_trajectories/trapezoidal_law_example.json, 2.3999999999999986, velocity, x, 0.9999999999999876
else
1d_trajectories/trapezoidal_law_example.json, 2.3999999999999986, acceleration, x, 10.0
else
1d_trajectories/trapezoidal_law_example.json, 2.4199999999999986, position, x, -0.9280000000000015
else
1d_trajectories/trapezoidal_law_example.json, 2.4199999999999986, velocity, x, 1.1999999999999877
else
1d_trajectories/trapezoidal_law_example.json, 2.4199999999999986, acceleration, x, 10.0
else
1d_trajectories/trapezoidal_law_example.json, 2.4399999999999986, position, x, -0.9020000000000017
else
1d_trajectories/trapezoidal_law_example.json, 2.4399999999999986, velocity, x, 1.399999999999988
else
1d_trajectories/trapezoidal_law_example.json, 2.4399999999999986, acceleration, x, 10.0
else
1d_trajectories/trapezoidal_law_example.json, 2.4599999999999986, position, x, -0.8720000000000019
else
1d_trajectories/trapezoidal_law_example.json, 2.4599999999999986, velocity, x, 1.599999999999988
else
1d_trajectories/trapezoidal_law_example.json, 2.4599999999999986, acceleration, x, 10.0
else
1d_trajectories/trapezoidal_law_example.json, 2.4799999999999986, position, x, -0.8380000000000021
else
1d_trajectories/trapezoidal_law_example.json, 2.4799999999999986, velocity, x, 1.7999999999999883
else
1d_trajectories/trapezoidal_law_example.json, 2.4799999999999986, acceleration, x, 10.0
else
1d_trajectories/trapezoidal_law_example.json, 2.4999999999999987, position, x, -0.8000000000000023
else
1d_trajectories/trapezoidal_law_example.json, 2.4999999999999987, velocity, x, 1.9999999999999885
else
1d_trajectories/trapezoidal_law_example.json, 2.4999999999999987, acceleration, x, 10.0
else
1d_trajectories/trapezoidal_law_example.json, 2.5199999999999987, position, x, -0.7580000000000024
else
1d_trajectories/trapezoidal_law_example.json, 2.5199999999999987, velocity, x, 2.1999999999999886
else
1d_trajectories/trapezoidal_law_example.json, 2.5199999999999987, acceleration, x, 10.0
else
1d_trajectories/trapezoidal_law_example.json, 2.5399999999999983, position, x, -0.714687370800104
else
1d_trajectories/trapezoidal_law_example.json, 2.5399999999999983, velocity, x, 2.0721359549995944
else
1d_trajectories/trapezoidal_law_example.json, 2.5399999999999983, acceleration, x, 10.0
else
1d_trajectories/trapezoidal_law_example.json, 2.5599999999999983, position, x, -0.6752446517001122
else
1d_trajectories/trapezoidal_law_example.json, 2.5599999999999983, velocity, x, 1.8721359549995942
else
1d_trajectories/trapezoidal_law_example.json, 2.5599999999999983, acceleration, x, 10.0
else
1d_trajectories/trapezoidal_law_example.json, 2.5799999999999983, position, x, -0.6398019326001202
else
1d_trajectories/trapezoidal_law_example.json, 2.5799999999999983, velocity, x, 1.672135954999594
else
1d_trajectories/trapezoidal_law_example.json, 2.5799999999999983, acceleration, x, 10.0
else
1d_trajectories/trapezoidal_law_example.json, 2.5999999999999983, position, x, -0.6083592135001283
else
1d_trajectories/trapezoidal_law_example.json, 2.5999999999999983, velocity, x, 1.4721359549995938
else
1d_trajectories/trapezoidal_law_example.json, 2.5999999999999983, acceleration, x, 10.0
else
1d_trajectories/trapezoidal_law_example.json, 2.6199999999999983, position, x, -0.5809164944001364
else
1d_trajectories/trapezoidal_law_example.json, 2.6199999999999983, velocity, x, 1.2721359549995936
else
1d_trajectories/trapezoidal_law_example.json, 2.6199999999999983, acceleration, x, 10.0
else
1d_trajectories/trapezoidal_law_example.json, 2.6399999999999983, position, x, -0.5574737753001445
else
1d_trajectories/trapezoidal_law_example.json, 2.6399999999999983, velocity, x, 1.0721359549995935
else
1d_trajectories/trapezoidal_law_example.json, 2.6399999999999983, acceleration, x, 10.0
else
1d_trajectories/trapezoidal_law_example.json, 2.6599999999999984, position, x, -0.5380310562001527
else
1d_trajectories/trapezoidal_law_example.json, 2.6599999999999984, velocity, x, 0.8721359549995933
else
1d_trajectories/trapezoidal_law_example.json, 2.6599999999999984, acceleration, x, 10.0
else
1d_trajectories/trapezoidal_law_example.json, 2.6799999999999984, position, x, -0.5225883371001607
else
1d_trajectories/trapezoidal_law_example.json, 2.6799999999999984, velocity, x, 0.6721359549995931
else
1d_trajectories/trapezoidal_law_example.json, 2.6799999999999984, acceleration, x, 10.0
else
1d_trajectories/trapezoidal_law_example.json, 2.6999999999999984, position, x, -0.5111456180001689
else
1d_trajectories/trapezoidal_law_example.json, 2.6999999999999984, velocity, x, 0.47213595499959293
else
1d_trajectories/trapezoidal_law_example.json, 2.6999999999999984, acceleration, x, 10.0
else
1d_trajectories/trapezoidal_law_example.json, 2.7199999999999984, position, x, -0.503702898900177
else
1d_trajectories/trapezoidal_law_example.json, 2.7199999999999984, velocity, x, 0.27213595499959276
else
1d_trajectories/trapezoidal_law_example.json, 2.7199999999999984, acceleration, x, 10.0
else
1d_trajectories/trapezoidal_law_example.json, 2.7399999999999984, position, x, -0.5002601798001851
else
1d_trajectories/trapezoidal_law_example.json, 2.7399999999999984, velocity, x, 0.07213595499959258
else
1d_trajectories/trapezoidal_law_example.json, 2.7399999999999984, acceleration, x, 10.0
else
1d_trajectories/trapezoidal_law_example.json, 2.7599999999999985, position, x, -0.5
1d_trajectories/trapezoidal_law_example.json, 2.7599999999999985, velocity, x, -0.1278640450004076
1d_trajectories/trapezoidal_law_example.json, 2.7599999999999985, acceleration, x, -10.0
1d_trajectories/trapezoidal_law_example.json, 2.7799999999999985, position, x, -0.5053747416002015
1d_trajectories/trapezoidal_law_example.json, 2.7799999999999985, velocity, x, -0.3278640450004078
1d_trajectories/trapezoidal_law_example.json, 2.7799999999999985, acceleration, x, -10.0
1d_trajectories/trapezoidal_law_example.json, 2.7999999999999985, position, x, -0.5139320225002096
1d_trajectories/trapezoidal_law_example.json, 2.7999999999999985, velocity, x, -0.527864045000408
1d_trajectories/trapezoidal_law_example.json, 2.7999999999999985, acceleration, x, -10.0
1d_trajectories/trapezoidal_law_example.json, 2.8199999999999985, position, x, -0.5264893034002178
1d_trajectories/trapezoidal_law_example.json, 2.8199999999999985, velocity, x, -0.7278640450004081
1d_trajectories/trapezoidal_law_example.json, 2.8199999999999985, acceleration, x, -10.0
1d_trajectories/trapezoidal_law_example.json, 2.839999999999998, position, x, -0.5430465843002256
1d_trajectories/trapezoidal_law_example.json, 2.839999999999998, velocity, x, -0.9278640450004039
1d_trajectories/trapezoidal_law_example.json, 2.839999999999998, acceleration, x, -10.0
1d_trajectories/trapezoidal_law_example.json, 2.859999999999998, position, x, -0.5636038652002336
1d_trajectories/trapezoidal_law_example.json, 2.859999999999998, velocity, x, -1.127864045000404
1d_trajectories/trapezoidal_law_example.json, 2.859999999999998, acceleration, x, -10.0
1d_trajectories/trapezoidal_law_example.json, 2.879999999999998, position, x, -0.5881611461002418
1d_trajectories/trapezoidal_law_example.json, 2.879999999999998, velocity, x, -1.3278640450004042
1d_trajectories/trapezoidal_law_example.json, 2.879999999999998, acceleration, x, -10.0
1d_trajectories/trapezoidal_law_example.json, 2.899999999999998, position, x, -0.6167184270002499
1d_trajectories/trapezoidal_law_example.json, 2.899999999999998, velocity, x, -1.5278640450004044
1d_trajectories/trapezoidal_law_example.json, 2.899999999999998, acceleration, x, -10.0
1d_trajectories/trapezoidal_law_example.json, 2.919999999999998, position, x, -0.649275707900258
1d_trajectories/trapezoidal_law_example.json, 2.919999999999998, velocity, x, -1.7278640450004046
1d_trajectories/trapezoidal_law_example.json, 2.919999999999998, acceleration, x, -10.0
1d_trajectories/trapezoidal_law_example.json, 2.939999999999998, position, x, -0.6858329888002661
1d_trajectories/trapezoidal_law_example.json, 2.939999999999998, velocity, x, -1.9278640450004048
1d_trajectories/trapezoidal_law_example.json, 2.939999999999998, acceleration, x, -10.0
1d_trajectories/trapezoidal_law_example.json, 2.959999999999998, position, x, -0.7263902697002742
1d_trajectories/trapezoidal_law_example.json, 2.959999999999998, velocity, x, -2.127864045000405
1d_trajectories/trapezoidal_law_example.json, 2.959999999999998, acceleration, x, -10.0
1d_trajectories/trapezoidal_law_example.json, 2.979999999999998, position, x, -0.7709475506002824
1d_trajectories/trapezoidal_law_example.json, 2.979999999999998, velocity, x, -2.327864045000405
1d_trajectories/trapezoidal_law_example.json, 2.979999999999998, acceleration, x, -10.0
1d_trajectories/trapezoidal_law_example.json, 2.9999999999999982, position, x, -0.8195048315002906
1d_trajectories/trapezoidal_law_example.json, 2.9999999999999982, velocity, x, -2.5278640450004053
1d_trajectories/trapezoidal_law_example.json, 2.9999999999999982, acceleration, x, -10.0
1d_trajectories/trapezoidal_law_example.json, 3.0199999999999982, position, x, -0.8720621124002987
1d_trajectories/trapezoidal_law_example.json, 3.0199999999999982, velocity, x, -2.7278640450004055
1d_trajectories/trapezoidal_law_example.json, 3.0199999999999982, acceleration, x, -10.0
1d_trajectories/trapezoidal_law_example.json, 3.0399999999999983, position, x, -0.9286193933003069
1d_trajectories/trapezoidal_law_example.json, 3.0399999999999983, velocity, x, -2.9278640450004056
1d_trajectories/trapezoidal_law_example.json, 3.0399999999999983, acceleration, x, -10.0
1d_trajectories/trapezoidal_law_example.json, 3.0599999999999983, position, x, -0.9883592135001222
1d_trajectories/trapezoidal_law_example.json, 3.0599999999999983, velocity, x, -3.0
1d_trajectories/trapezoidal_law_example.json, 3.0599999999999983, acceleration, x, -10.0
1d_trajectories/trapezoidal_law_example.json, 3.0799999999999983, position, x, -1.0483592135001223
1d_trajectories/trapezoidal_law_example.json, 3.0799999999999983, velocity, x, -3.0
1d_trajectories/trapezoidal_law_example.json, 3.0799999999999983, acceleration, x, -10.0
1d_trajectories/trapezoidal_law_example.json, 3.0999999999999983, position, x, -1.1083592135001223
1d_trajectories/trapezoidal_law_example.json, 3.0999999999999983, velocity, x, -3.0
1d_trajectories/trapezoidal_law_example.json, 3.0999999999999983, acceleration, x, -10.0
1d_trajectories/trapezoidal_law_example.json, 3.1199999999999983, position, x, -1.1683592135001224
1d_trajectories/trapezoidal_law_example.json, 3.1199999999999983, velocity, x, -3.0
1d_trajectories/trapezoidal_law_example.json, 3.1199999999999983, acceleration, x, -10.0
1d_trajectories/trapezoidal_law_example.json, 3.1399999999999983, position, x, -1.2283592135001224
1d_trajectories/trapezoidal_law_example.json, 3.1399999999999983, velocity, x, -3.0
1d_trajectories/trapezoidal_law_example.json, 3.1399999999999983, acceleration, x, -10.0
1d_trajectories/trapezoidal_law_example.json, 3.1599999999999984, position, x, -1.2883592135001225
1d_trajectories/trapezoidal_law_example.json, 3.1599999999999984, velocity, x, -3.0
1d_trajectories/trapezoidal_law_example.json, 3.1599999999999984, acceleration, x, -10.0
1d_trajectories/trapezoidal_law_example.json, 3.179999999999998, position, x, -1.3483592135001212
1d_trajectories/trapezoidal_law_example.json, 3.179999999999998, velocity, x, -3.0
1d_trajectories/trapezoidal_law_example.json, 3.179999999999998, acceleration, x, -10.0
1d_trajectories/trapezoidal_law_example.json, 3.199999999999998, position, x, -1.4083592135001213
1d_trajectories/trapezoidal_law_example.json, 3.199999999999998, velocity, x, -3.0
1d_trajectories/trapezoidal_law_example.json, 3.199999999999998, acceleration, x, -10.0
1d_trajectories/trapezoidal_law_example.json, 3.219999999999998, position, x, -1.4683592135001213
1d_trajectories/trapezoidal_law_example.json, 3.219999999999998, velocity, x, -3.0
1d_trajectories/trapezoidal_law_example.json, 3.219999999999998, acceleration, x, -10.0
1d_trajectories/trapezoidal_law_example.json, 3.239999999999998, position, x, -1.5283592135001214
1d_trajectories/trapezoidal_law_example.json, 3.239999999999998, velocity, x, -3.0
1d_trajectories/trapezoidal_law_example.json, 3.239999999999998, acceleration, x, -10.0
1d_trajectories/trapezoidal_law_example.json, 3.259999999999998, position, x, -1.5883592135001214
1d_trajectories/trapezoidal_law_example.json, 3.259999999999998, velocity, x, -3.0
1d_trajectories/trapezoidal_law_example.json, 3.259999999999998, acceleration, x, -10.0
1d_trajectories/trapezoidal_law_example.json, 3.279999999999998, position, x, -1.6483592135001215
1d_trajectories/trapezoidal_law_example.json, 3.279999999999998, velocity, x, -3.0
1d_trajectories/trapezoidal_law_example.json, 3.279999999999998, acceleration, x, -10.0
1d_trajectories/trapezoidal_law_example.json, 3.299999999999998, position, x, -1.7083592135001215
1d_trajectories/trapezoidal_law_example.json, 3.299999999999998, velocity, x, -3.0
1d_trajectories/trapezoidal_law_example.json, 3.299999999999998, acceleration, x, -10.0
1d_trajectories/trapezoidal_law_example.json, 3.319999999999998, position, x, -1.7683592135001216
1d_trajectories/trapezoidal_law_example.json, 3.319999999999998, velocity, x, -3.0
1d_trajectories/trapezoidal_law_example.json, 3.319999999999998, acceleration, x, -10.0
1d_trajectories/trapezoidal_law_example.json, 3.339999999999998, position, x, -1.8283592135001216
1d_trajectories/trapezoidal_law_example.json, 3.339999999999998, velocity, x, -3.0
1d_trajectories/trapezoidal_law_example.json, 3.339999999999998, acceleration, x, -10.0
1d_trajectories/trapezoidal_law_example.json, 3.359999999999998, position, x, -1.8883592135001217
1d_trajectories/trapezoidal_law_example.json, 3.359999999999998, velocity, x, -3.0
1d_trajectories/trapezoidal_law_example.json, 3.359999999999998, acceleration, x, -10.0
1d_trajectories/trapezoidal_law_example.json, 3.379999999999998, position, x, -1.9483592135001218
1d_trajectories/trapezoidal_law_example.json, 3.379999999999998, velocity, x, -3.0
1d_trajectories/trapezoidal_law_example.json, 3.379999999999998, acceleration, x, -10.0
1d_trajectories/trapezoidal_law_example.json, 3.399999999999998, position, x, -2.008359213500122
1d_trajectories/trapezoidal_law_example.json, 3.399999999999998, velocity, x, -3.0
1d_trajectories/trapezoidal_law_example.json, 3.399999999999998, acceleration, x, -10.0
1d_trajectories/trapezoidal_law_example.json, 3.419999999999998, position, x, -2.0683592135001216
1d_trajectories/trapezoidal_law_example.json, 3.419999999999998, velocity, x, -3.0
1d_trajectories/trapezoidal_law_example.json, 3.419999999999998, acceleration, x, -10.0
1d_trajectories/trapezoidal_law_example.json, 3.439999999999998, position, x, -2.128359213500122
1d_trajectories/trapezoidal_law_example.json, 3.439999999999998, velocity, x, -3.0
1d_trajectories/trapezoidal_law_example.json, 3.439999999999998, acceleration, x, -10.0
1d_trajectories/trapezoidal_law_example.json, 3.459999999999998, position, x, -2.1883592135001217
1d_trajectories/trapezoidal_law_example.json, 3.459999999999998, velocity, x, -3.0
1d_trajectories/trapezoidal_law_example.json, 3.459999999999998, acceleration, x, -10.0
1d_trajectories/trapezoidal_law_example.json, 3.4799999999999978, position, x, -2.2483592135001205
1d_trajectories/trapezoidal_law_example.json, 3.4799999999999978, velocity, x, -3.0
1d_trajectories/trapezoidal_law_example.json, 3.4799999999999978, acceleration, x, -10.0
1d_trajectories/trapezoidal_law_example.json, 3.499999999999998, position, x, -2.308359213500121
1d_trajectories/trapezoidal_law_example.json, 3.499999999999998, velocity, x, -3.0
1d_trajectories/trapezoidal_law_example.json, 3.499999999999998, acceleration, x, -10.0
1d_trajectories/trapezoidal_law_example.json, 3.519999999999998, position, x, -2.3683592135001206
1d_trajectories/trapezoidal_law_example.json, 3.519999999999998, velocity, x, -3.0
1d_trajectories/trapezoidal_law_example.json, 3.519999999999998, acceleration, x, -10.0
1d_trajectories/trapezoidal_law_example.json, 3.539999999999998, position, x, -2.428359213500121
1d_trajectories/trapezoidal_law_example.json, 3.539999999999998, velocity, x, -3.0
1d_trajectories/trapezoidal_law_example.json, 3.539999999999998, acceleration, x, -10.0
1d_trajectories/trapezoidal_law_example.json, 3.559999999999998, position, x, -2.4883592135001207
1d_trajectories/trapezoidal_law_example.json, 3.559999999999998, velocity, x, -3.0
1d_trajectories/trapezoidal_law_example.json, 3.559999999999998, acceleration, x, -10.0
1d_trajectories/trapezoidal_law_example.json, 3.579999999999998, position, x, -2.548359213500121
1d_trajectories/trapezoidal_law_example.json, 3.579999999999998, velocity, x, -3.0
1d_trajectories/trapezoidal_law_example.json, 3.579999999999998, acceleration, x, -10.0
1d_trajectories/trapezoidal_law_example.json, 3.599999999999998, position, x, -2.608359213500121
1d_trajectories/trapezoidal_law_example.json, 3.599999999999998, velocity, x, -3.0
1d_trajectories/trapezoidal_law_example.json, 3.599999999999998, acceleration, x, -10.0
1d_trajectories/trapezoidal_law_example.json, 3.619999999999998, position, x, -2.6683592135001213
1d_trajectories/trapezoidal_law_example.json, 3.619999999999998, velocity, x, -3.0
1d_trajectories/trapezoidal_law_example.json, 3.619999999999998, acceleration, x, -10.0
1d_trajectories/trapezoidal_law_example.json, 3.639999999999998, position, x, -2.728359213500121
1d_trajectories/trapezoidal_law_example.json, 3.639999999999998, velocity, x, -3.0
1d_trajectories/trapezoidal_law_example.json, 3.639999999999998, acceleration, x, -10.0
1d_trajectories/trapezoidal_law_example.json, 3.659999999999998, position, x, -2.7883592135001214
1d_trajectories/trapezoidal_law_example.json, 3.659999999999998, velocity, x, -3.0
1d_trajectories/trapezoidal_law_example.json, 3.659999999999998, acceleration, x, -10.0
1d_trajectories/trapezoidal_law_example.json, 3.679999999999998, position, x, -2.848359213500121
1d_trajectories/trapezoidal_law_example.json, 3.679999999999998, velocity, x, -3.0
1d_trajectories/trapezoidal_law_example.json, 3.679999999999998, acceleration, x, -10.0
1d_trajectories/trapezoidal_law_example.json, 3.699999999999998, position, x, -2.9083592135001215
1d_trajectories/trapezoidal_law_example.json, 3.699999999999998, velocity, x, -3.0
1d_trajectories/trapezoidal_law_example.json, 3.699999999999998, acceleration, x, -10.0
1d_trajectories/trapezoidal_law_example.json, 3.719999999999998, position, x, -2.968359213500121
1d_trajectories/trapezoidal_law_example.json, 3.719999999999998, velocity, x, -3.0
1d_trajectories/trapezoidal_law_example.json, 3.719999999999998, acceleration, x, -10.0
1d_trajectories/trapezoidal_law_example.json, 3.739999999999998, position, x, -3.0283592135001216
1d_trajectories/trapezoidal_law_example.json, 3.739999999999998, velocity, x, -3.0
1d_trajectories/trapezoidal_law_example.json, 3.739999999999998, acceleration, x, -10.0
1d_trajectories/trapezoidal_law_example.json, 3.759999999999998, position, x, -3.088359213500121
1d_trajectories/trapezoidal_law_example.json, 3.759999999999998, velocity, x, -3.0
1d_trajectories/trapezoidal_law_example.json, 3.759999999999998, acceleration, x, -10.0
1d_trajectories/trapezoidal_law_example.json, 3.779999999999998, position, x, -3.1483592135001217
1d_trajectories/trapezoidal_law_example.json, 3.779999999999998, velocity, x, -3.0
1d_trajectories/trapezoidal_law_example.json, 3.779999999999998, acceleration, x, -10.0
1d_trajectories/trapezoidal_law_example.json, 3.799999999999998, position, x, -3.2083592135001213
1d_trajectories/trapezoidal_law_example.json, 3.799999999999998, velocity, x, -3.0
1d_trajectories/trapezoidal_law_example.json, 3.799999999999998, acceleration, x, -10.0
1d_trajectories/trapezoidal_law_example.json, 3.8199999999999976, position, x, -3.26835921350012
1d_trajectories/trapezoidal_law_example.json, 3.8199999999999976, velocity, x, -3.0
1d_trajectories/trapezoidal_law_example.json, 3.8199999999999976, acceleration, x, -10.0
1d_trajectories/trapezoidal_law_example.json, 3.839999999999998, position, x, -3.3283592135001214
1d_trajectories/trapezoidal_law_example.json, 3.839999999999998, velocity, x, -3.0
1d_trajectories/trapezoidal_law_example.json, 3.839999999999998, acceleration, x, -10.0
1d_trajectories/trapezoidal_law_example.json, 3.8599999999999977, position, x, -3.38835921350012
1d_trajectories/trapezoidal_law_example.json, 3.8599999999999977, velocity, x, -3.0
1d_trajectories/trapezoidal_law_example.json, 3.8599999999999977, acceleration, x, -10.0
1d_trajectories/trapezoidal_law_example.json, 3.879999999999998, position, x, -3.4483592135001215
1d_trajectories/trapezoidal_law_example.json, 3.879999999999998, velocity, x, -3.0
1d_trajectories/trapezoidal_law_example.json, 3.879999999999998, acceleration, x, -10.0
1d_trajectories/trapezoidal_law_example.json, 3.8999999999999977, position, x, -3.5083592135001203
1d_trajectories/trapezoidal_law_example.json, 3.8999999999999977, velocity, x, -3.0
1d_trajectories/trapezoidal_law_example.json, 3.8999999999999977, acceleration, x, -10.0
1d_trajectories/trapezoidal_law_example.json, 3.919999999999998, position, x, -3.5683592135001216
1d_trajectories/trapezoidal_law_example.json, 3.919999999999998, velocity, x, -3.0
1d_trajectories/trapezoidal_law_example.json, 3.919999999999998, acceleration, x, -10.0
1d_trajectories/trapezoidal_law_example.json, 3.9399999999999977, position, x, -3.6283592135001204
1d_trajectories/trapezoidal_law_example.json, 3.9399999999999977, velocity, x, -3.0
1d_trajectories/trapezoidal_law_example.json, 3.9399999999999977, acceleration, x, -10.0
1d_trajectories/trapezoidal_law_example.json, 3.959999999999998, position, x, -3.6883592135001217
1d_trajectories/trapezoidal_law_example.json, 3.959999999999998, velocity, x, -3.0
1d_trajectories/trapezoidal_law_example.json, 3.959999999999998, acceleration, x, -10.0
1d_trajectories/trapezoidal_law_example.json, 3.9799999999999978, position, x, -3.7483592135001205
1d_trajectories/trapezoidal_law_example.json, 3.9799999999999978, velocity, x, -3.0
1d_trajectories/trapezoidal_law_example.json, 3.9799999999999978, acceleration, x, -10.0
1d_trajectories/trapezoidal_law_example.json, 3.9999999999999973, position, x, -3.808359213500119
1d_trajectories/trapezoidal_law_example.json, 3.9999999999999973, velocity, x, -3.0
1d_trajectories/trapezoidal_law_example.json, 3.9999999999999973, acceleration, x, -10.0
1d_trajectories/trapezoidal_law_example.json, 4.019999999999998, position, x, -3.8683592135001206
1d_trajectories/trapezoidal_law_example.json, 4.019999999999998, velocity, x, -3.0
1d_trajectories/trapezoidal_law_example.json, 4.019999999999998, acceleration, x, -10.0
1d_trajectories/trapezoidal_law_example.json, 4.039999999999997, position, x, -3.9283592135001193
1d_trajectories/trapezoidal_law_example.json, 4.039999999999997, velocity, x, -3.0
1d_trajectories/trapezoidal_law_example.json, 4.039999999999997, acceleration, x, -10.0
1d_trajectories/trapezoidal_law_example.json, 4.059999999999998, position, x, -3.9883592135001207
1d_trajectories/trapezoidal_law_example.json, 4.059999999999998, velocity, x, -3.0
1d_trajectories/trapezoidal_law_example.json, 4.059999999999998, acceleration, x, -10.0
1d_trajectories/trapezoidal_law_example.json, 4.079999999999997, position, x, -4.048359213500119
1d_trajectories/trapezoidal_law_example.json, 4.079999999999997, velocity, x, -3.0
1d_trajectories/trapezoidal_law_example.json, 4.079999999999997, acceleration, x, -10.0
1d_trajectories/trapezoidal_law_example.json, 4.099999999999998, position, x, -4.108359213500121
1d_trajectories/trapezoidal_law_example.json, 4.099999999999998, velocity, x, -3.0
1d_trajectories/trapezoidal_law_example.json, 4.099999999999998, acceleration, x, -10.0
1d_trajectories/trapezoidal_law_example.json, 4.119999999999997, position, x, -4.1683592135001195
1d_trajectories/trapezoidal_law_example.json, 4.119999999999997, velocity, x, -3.0
1d_trajectories/trapezoidal_law_example.json, 4.119999999999997, acceleration, x, -10.0
1d_trajectories/trapezoidal_law_example.json, 4.139999999999998, position, x, -4.228359213500121
1d_trajectories/trapezoidal_law_example.json, 4.139999999999998, velocity, x, -3.0
1d_trajectories/trapezoidal_law_example.json, 4.139999999999998, acceleration, x, -10.0
1d_trajectories/trapezoidal_law_example.json, 4.1599999999999975, position, x, -4.28835921350012
1d_trajectories/trapezoidal_law_example.json, 4.1599999999999975, velocity, x, -3.0
1d_trajectories/trapezoidal_law_example.json, 4.1599999999999975, acceleration, x, -10.0
1d_trajectories/trapezoidal_law_example.json, 4.179999999999998, position, x, -4.348359213500121
1d_trajectories/trapezoidal_law_example.json, 4.179999999999998, velocity, x, -3.0
1d_trajectories/trapezoidal_law_example.json, 4.179999999999998, acceleration, x, -10.0
1d_trajectories/trapezoidal_law_example.json, 4.1999999999999975, position, x, -4.40835921350012
1d_trajectories/trapezoidal_law_example.json, 4.1999999999999975, velocity, x, -3.0
1d_trajectories/trapezoidal_law_example.json, 4.1999999999999975, acceleration, x, -10.0
1d_trajectories/trapezoidal_law_example.json, 4.219999999999998, position, x, -4.468359213500121
1d_trajectories/trapezoidal_law_example.json, 4.219999999999998, velocity, x, -3.0
1d_trajectories/trapezoidal_law_example.json, 4.219999999999998, acceleration, x, -10.0
1d_trajectories/trapezoidal_law_example.json, 4.2399999999999975, position, x, -4.52835921350012
1d_trajectories/trapezoidal_law_example.json, 4.2399999999999975, velocity, x, -3.0
1d_trajectories/trapezoidal_law_example.json, 4.2399999999999975, acceleration, x, -10.0
1d_trajectories/trapezoidal_law_example.json, 4.259999999999998, position, x, -4.588359213500121
1d_trajectories/trapezoidal_law_example.json, 4.259999999999998, velocity, x, -3.0
1d_trajectories/trapezoidal_law_example.json, 4.259999999999998, acceleration, x, -10.0
1d_trajectories/trapezoidal_law_example.json, 4.279999999999998, position, x, -4.64835921350012
1d_trajectories/trapezoidal_law_example.json, 4.279999999999998, velocity, x, -3.0
1d_trajectories/trapezoidal_law_example.json, 4.279999999999998, acceleration, x, -10.0
1d_trajectories/trapezoidal_law_example.json, 4.299999999999997, position, x, -4.708359213500119
1d_trajectories/trapezoidal_law_example.json, 4.299999999999997, velocity, x, -3.0
1d_trajectories/trapezoidal_law_example.json, 4.299999999999997, acceleration, x, -10.0
1d_trajectories/trapezoidal_law_example.json, 4.319999999999998, position, x, -4.76835921350012
1d_trajectories/trapezoidal_law_example.json, 4.319999999999998, velocity, x, -3.0
1d_trajectories/trapezoidal_law_example.json, 4.319999999999998, acceleration, x, -10.0
1d_trajectories/trapezoidal_law_example.json, 4.339999999999997, position, x, -4.828359213500119
1d_trajectories/trapezoidal_law_example.json, 4.339999999999997, velocity, x, -3.0
1d_trajectories/trapezoidal_law_example.json, 4.339999999999997, acceleration, x, -10.0
1d_trajectories/trapezoidal_law_example.json, 4.359999999999998, position, x, -4.88835921350012
1d_trajectories/trapezoidal_law_example.json, 4.359999999999998, velocity, x, -3.0
1d_trajectories/trapezoidal_law_example.json, 4.359999999999998, acceleration, x, -10.0
1d_trajectories/trapezoidal_law_example.json, 4.379999999999997, position, x, -4.948359213500119
1d_trajectories/trapezoidal_law_example.json, 4.379999999999997, velocity, x, -3.0
1d_trajectories/trapezoidal_law_example.json, 4.379999999999997, acceleration, x, -10.0
1d_trajectories/trapezoidal_law_example.json, 4.399999999999998, position, x, -5.00835921350012
1d_trajectories/trapezoidal_law_example.json, 4.399999999999998, velocity, x, -3.0
1d_trajectories/trapezoidal_law_example.json, 4.399999999999998, acceleration, x, -10.0
1d_trajectories/trapezoidal_law_example.json, 4.419999999999997, position, x, -5.068359213500119
1d_trajectories/trapezoidal_law_example.json, 4.419999999999997, velocity, x, -3.0
1d_trajectories/trapezoidal_law_example.json, 4.419999999999997, acceleration, x, -10.0
1d_trajectories/trapezoidal_law_example.json, 4.439999999999998, position, x, -5.128359213500121
1d_trajectories/trapezoidal_law_example.json, 4.439999999999998, velocity, x, -3.0
1d_trajectories/trapezoidal_law_example.json, 4.439999999999998, acceleration, x, -10.0
1d_trajectories/trapezoidal_law_example.json, 4.459999999999997, position, x, -5.18835921350012
1d_trajectories/trapezoidal_law_example.json, 4.459999999999997, velocity, x, -3.0
1d_trajectories/trapezoidal_law_example.json, 4.459999999999997, acceleration, x, -10.0
1d_trajectories/trapezoidal_law_example.json, 4.479999999999998, position, x, -5.2483592135001205
1d_trajectories/trapezoidal_law_example.json, 4.479999999999998, velocity, x, -3.0
1d_trajectories/trapezoidal_law_example.json, 4.479999999999998, acceleration, x, -10.0
1d_trajectories/trapezoidal_law_example.json, 4.499999999999997, position, x, -5.308359213500119
1d_trajectories/trapezoidal_law_example.json, 4.499999999999997, velocity, x, -3.0
1d_trajectories/trapezoidal_law_example.json, 4.499999999999997, acceleration, x, -10.0
1d_trajectories/trapezoidal_law_example.json, 4.519999999999998, position, x, -5.3683592135001215
1d_trajectories/trapezoidal_law_example.json, 4.519999999999998, velocity, x, -3.0
1d_trajectories/trapezoidal_law_example.json, 4.519999999999998, acceleration, x, -10.0
1d_trajectories/trapezoidal_law_example.json, 4.539999999999997, position, x, -5.42835921350012
1d_trajectories/trapezoidal_law_example.json, 4.539999999999997, velocity, x, -3.0
1d_trajectories/trapezoidal_law_example.json, 4.539999999999997, acceleration, x, -10.0
1d_trajectories/trapezoidal_law_example.json, 4.559999999999998, position, x, -5.488359213500121
1d_trajectories/trapezoidal_law_example.json, 4.559999999999998, velocity, x, -3.0
1d_trajectories/trapezoidal_law_example.json, 4.559999999999998, acceleration, x, -10.0
1d_trajectories/trapezoidal_law_example.json, 4.579999999999997, position, x, -5.548359213500119
1d_trajectories/trapezoidal_law_example.json, 4.579999999999997, velocity, x, -3.0
1d_trajectories/trapezoidal_law_example.json, 4.579999999999997, acceleration, x, -10.0
1d_trajectories/trapezoidal_law_example.json, 4.599999999999997, position, x, -5.608359213500118
1d_trajectories/trapezoidal_law_example.json, 4.599999999999997, velocity, x, -3.0
1d_trajectories/trapezoidal_law_example.json, 4.599999999999997, acceleration, x, -10.0
1d_trajectories/trapezoidal_law_example.json, 4.619999999999997, position, x, -5.66835921350012
1d_trajectories/trapezoidal_law_example.json, 4.619999999999997, velocity, x, -3.0
1d_trajectories/trapezoidal_law_example.json, 4.619999999999997, acceleration, x, -10.0
1d_trajectories/trapezoidal_law_example.json, 4.639999999999997, position, x, -5.728359213500119
1d_trajectories/trapezoidal_law_example.json, 4.639999999999997, velocity, x, -3.0
1d_trajectories/trapezoidal_law_example.json, 4.639999999999997, acceleration, x, -10.0
1d_trajectories/trapezoidal_law_example.json, 4.6599999999999975, position, x, -5.78835921350012
1d_trajectories/trapezoidal_law_example.json, 4.6599999999999975, velocity, x, -3.0
1d_trajectories/trapezoidal_law_example.json, 4.6599999999999975, acceleration, x, -10.0
1d_trajectories/trapezoidal_law_example.json, 4.679999999999997, position, x, -5.848359213500118
1d_trajectories/trapezoidal_law_example.json, 4.679999999999997, velocity, x, -3.0
1d_trajectories/trapezoidal_law_example.json, 4.679999999999997, acceleration, x, -10.0
1d_trajectories/trapezoidal_law_example.json, 4.6999999999999975, position, x, -5.908359213500121
1d_trajectories/trapezoidal_law_example.json, 4.6999999999999975, velocity, x, -3.0
1d_trajectories/trapezoidal_law_example.json, 4.6999999999999975, acceleration, x, -10.0
1d_trajectories/trapezoidal_law_example.json, 4.719999999999997, position, x, -5.968359213500119
1d_trajectories/trapezoidal_law_example.json, 4.719999999999997, velocity, x, -3.0
1d_trajectories/trapezoidal_law_example.json, 4.719999999999997, acceleration, x, -10.0
1d_trajectories/trapezoidal_law_example.json, 4.7399999999999975, position, x, -6.02835921350012
1d_trajectories/trapezoidal_law_example.json, 4.7399999999999975, velocity, x, -3.0
1d_trajectories/trapezoidal_law_example.json, 4.7399999999999975, acceleration, x, -10.0
1d_trajectories/trapezoidal_law_example.json, 4.759999999999997, position, x, -6.0883592135001185
1d_trajectories/trapezoidal_law_example.json, 4.759999999999997, velocity, x, -3.0
1d_trajectories/trapezoidal_law_example.json, 4.759999999999997, acceleration, x, -10.0
1d_trajectories/trapezoidal_law_example.json, 4.779999999999998, position, x, -6.148359213500121
1d_trajectories/trapezoidal_law_example.json, 4.779999999999998, velocity, x, -3.0
1d_trajectories/trapezoidal_law_example.json, 4.779999999999998, acceleration, x, -10.0
1d_trajectories/trapezoidal_law_example.json, 4.799999999999997, position, x, -6.2083592135001195
1d_trajectories/trapezoidal_law_example.json, 4.799999999999997, velocity, x, -3.0
1d_trajectories/trapezoidal_law_example.json, 4.799999999999997, acceleration, x, -10.0
1d_trajectories/trapezoidal_law_example.json, 4.819999999999998, position, x, -6.26835921350012
1d_trajectories/trapezoidal_law_example.json, 4.819999999999998, velocity, x, -3.0
1d_trajectories/trapezoidal_law_example.json, 4.819999999999998, acceleration, x, -10.0
1d_trajectories/trapezoidal_law_example.json, 4.839999999999997, position, x, -6.328359213500119
1d_trajectories/trapezoidal_law_example.json, 4.839999999999997, velocity, x, -3.0
1d_trajectories/trapezoidal_law_example.json, 4.839999999999997, acceleration, x, -10.0
1d_trajectories/trapezoidal_law_example.json, 4.859999999999998, position, x, -6.388359213500121
1d_trajectories/trapezoidal_law_example.json, 4.859999999999998, velocity, x, -3.0
1d_trajectories/trapezoidal_law_example.json, 4.859999999999998, acceleration, x, -10.0
1d_trajectories/trapezoidal_law_example.json, 4.879999999999997, position, x, -6.44835921350012
1d_trajectories/trapezoidal_law_example.json, 4.879999999999997, velocity, x, -3.0
1d_trajectories/trapezoidal_law_example.json, 4.879999999999997, acceleration, x, -10.0
1d_trajectories/trapezoidal_law_example.json, 4.899999999999998, position, x, -6.50835921350012
1d_trajectories/trapezoidal_law_example.json, 4.899999999999998, velocity, x, -3.0
1d_trajectories/trapezoidal_law_example.json, 4.899999999999998, acceleration, x, -10.0
1d_trajectories/trapezoidal_law_example.json, 4.919999999999997, position, x, -6.568359213500119
1d_trajectories/trapezoidal_law_example.json, 4.919999999999997, velocity, x, -3.0
1d_trajectories/trapezoidal_law_example.json, 4.919999999999997, acceleration, x, -10.0
1d_trajectories/trapezoidal_law_example.json, 4.939999999999997, position, x, -6.628359213500118
1d_trajectories/trapezoidal_law_example.json, 4.939999999999997, velocity, x, -3.0
1d_trajectories/trapezoidal_law_example.json, 4.939999999999997, acceleration, x, -10.0
1d_trajectories/trapezoidal_law_example.json, 4.959999999999997, position, x, -6.68835921350012
1d_trajectories/trapezoidal_law_example.json, 4.959999999999997, velocity, x, -3.0
1d_trajectories/trapezoidal_law_example.json, 4.959999999999997, acceleration, x, -10.0
1d_trajectories/trapezoidal_law_example.json, 4.979999999999997, position, x, -6.748359213500119
1d_trajectories/trapezoidal_law_example.json, 4.979999999999997, velocity, x, -3.0
1d_trajectories/trapezoidal_law_example.json, 4.979999999999997, acceleration, x, -10.0
1d_trajectories/trapezoidal_law_example.json, 4.999999999999997, position, x, -6.808359213500119
1d_trajectories/trapezoidal_law_example.json, 4.999999999999997, velocity, x, -3.0
1d_trajectories/trapezoidal_law_example.json, 4.999999999999997, acceleration, x, -10.0
1d_trajectories/trapezoidal_law_example.json, 5.019999999999997, position, x, -6.868359213500118
1d_trajectories/trapezoidal_law_example.json, 5.019999999999997, velocity, x, -3.0
1d_trajectories/trapezoidal_law_example.json, 5.019999999999997, acceleration, x, -10.0
1d_trajectories/trapezoidal_law_example.json, 5.039999999999997, position, x, -6.92835921350012
1d_trajectories/trapezoidal_law_example.json, 5.039999999999997, velocity, x, -3.0
1d_trajectories/trapezoidal_law_example.json, 5.039999999999997, acceleration, x, -10.0
1d_trajectories/trapezoidal_law_example.json, 5.059999999999997, position, x, -6.988359213500119
1d_trajectories/trapezoidal_law_example.json, 5.059999999999997, velocity, x, -3.0
1d_trajectories/trapezoidal_law_example.json, 5.059999999999997, acceleration, x, -10.0
1d_trajectories/trapezoidal_law_example.json, 5.079999999999997, position, x, -7.048359213500119
1d_trajectories/trapezoidal_law_example.json, 5.079999999999997, velocity, x, -3.0
1d_trajectories/trapezoidal_law_example.json, 5.079999999999997, acceleration, x, -10.0
1d_trajectories/trapezoidal_law_example.json, 5.099999999999997, position, x, -7.108359213500118
1d_trajectories/trapezoidal_law_example.json, 5.099999999999997, velocity, x, -3.0
1d_trajectories/trapezoidal_law_example.json, 5.099999999999997, acceleration, x, -10.0
1d_trajectories/trapezoidal_law_example.json, 5.119999999999997, position, x, -7.16835921350012
1d_trajectories/trapezoidal_law_example.json, 5.119999999999997, velocity, x, -3.0
1d_trajectories/trapezoidal_law_example.json, 5.119999999999997, acceleration, x, -10.0
1d_trajectories/trapezoidal_law_example.json, 5.139999999999997, position, x, -7.228359213500119
1d_trajectories/trapezoidal_law_example.json, 5.139999999999997, velocity, x, -3.0
1d_trajectories/trapezoidal_law_example.json, 5.139999999999997, acceleration, x, -10.0
1d_trajectories/trapezoidal_law_example.json, 5.1599999999999975, position, x, -7.28835921350012
1d_trajectories/trapezoidal_law_example.json, 5.1599999999999975, velocity, x, -3.0
1d_trajectories/trapezoidal_law_example.json, 5.1599999999999975, acceleration, x, -10.0
1d_trajectories/trapezoidal_law_example.json, 5.179999999999997, position, x, -7.348359213500118
1d_trajectories/trapezoidal_law_example.json, 5.179999999999997, velocity, x, -3.0
1d_trajectories/trapezoidal_law_example.json, 5.179999999999997, acceleration, x, -10.0
1d_trajectories/trapezoidal_law_example.json, 5.1999999999999975, position, x, -7.408359213500121
1d_trajectories/trapezoidal_law_example.json, 5.1999999999999975, velocity, x, -3.0
1d_trajectories/trapezoidal_law_example.json, 5.1999999999999975, acceleration, x, -10.0
1d_trajectories/trapezoidal_law_example.json, 5.219999999999997, position, x, -7.468359213500119
1d_trajectories/trapezoidal_law_example.json, 5.219999999999997, velocity, x, -3.0
1d_trajectories/trapezoidal_law_example.json, 5.219999999999997, acceleration, x, -10.0
1d_trajectories/trapezoidal_law_example.json, 5.2399999999999975, position, x, -7.52835921350012
1d_trajectories/trapezoidal_law_example.json, 5.2399999999999975, velocity, x, -3.0
1d_trajectories/trapezoidal_law_example.json, 5.2399999999999975, acceleration, x, -10.0
1d_trajectories/trapezoidal_law_example.json, 5.259999999999997, position, x, -7.5883592135001185
1d_trajectories/trapezoidal_law_example.json, 5.259999999999997, velocity, x, -3.0
1d_trajectories/trapezoidal_law_example.json, 5.259999999999997, acceleration, x, -10.0
1d_trajectories/trapezoidal_law_example.json, 5.279999999999997, position, x, -7.648359213500117
1d_trajectories/trapezoidal_law_example.json, 5.279999999999997, velocity, x, -3.0
1d_trajectories/trapezoidal_law_example.json, 5.279999999999997, acceleration, x, -10.0
1d_trajectories/trapezoidal_law_example.json, 5.299999999999997, position, x, -7.7083592135001195
1d_trajectories/trapezoidal_law_example.json, 5.299999999999997, velocity, x, -3.0
1d_trajectories/trapezoidal_law_example.json, 5.299999999999997, acceleration, x, -10.0
1d_trajectories/trapezoidal_law_example.json, 5.319999999999997, position, x, -7.768359213500118
1d_trajectories/trapezoidal_law_example.json, 5.319999999999997, velocity, x, -3.0
1d_trajectories/trapezoidal_law_example.json, 5.319999999999997, acceleration, x, -10.0
1d_trajectories/trapezoidal_law_example.json, 5.339999999999997, position, x, -7.828359213500119
1d_trajectories/trapezoidal_law_example.json, 5.339999999999997, velocity, x, -3.0
1d_trajectories/trapezoidal_law_example.json, 5.339999999999997, acceleration, x, -10.0
1d_trajectories/trapezoidal_law_example.json, 5.359999999999997, position, x, -7.8883592135001175
1d_trajectories/trapezoidal_law_example.json, 5.359999999999997, velocity, x, -3.0
1d_trajectories/trapezoidal_law_example.json, 5.359999999999997, acceleration, x, -10.0
1d_trajectories/trapezoidal_law_example.json, 5.379999999999997, position, x, -7.94835921350012
1d_trajectories/trapezoidal_law_example.json, 5.379999999999997, velocity, x, -3.0
1d_trajectories/trapezoidal_law_example.json, 5.379999999999997, acceleration, x, -10.0
1d_trajectories/trapezoidal_law_example.json, 5.399999999999997, position, x, -8.008359213500118
1d_trajectories/trapezoidal_law_example.json, 5.399999999999997, velocity, x, -3.0
1d_trajectories/trapezoidal_law_example.json, 5.399999999999997, acceleration, x, -10.0
1d_trajectories/trapezoidal_law_example.json, 5.419999999999997, position, x, -8.06835921350012
1d_trajectories/trapezoidal_law_example.json, 5.419999999999997, velocity, x, -3.0
1d_trajectories/trapezoidal_law_example.json, 5.419999999999997, acceleration, x, -10.0
1d_trajectories/trapezoidal_law_example.json, 5.439999999999997, position, x, -8.128359213500119
1d_trajectories/trapezoidal_law_example.json, 5.439999999999997, velocity, x, -3.0
1d_trajectories/trapezoidal_law_example.json, 5.439999999999997, acceleration, x, -10.0
1d_trajectories/trapezoidal_law_example.json, 5.459999999999997, position, x, -8.18835921350012
1d_trajectories/trapezoidal_law_example.json, 5.459999999999997, velocity, x, -3.0
1d_trajectories/trapezoidal_law_example.json, 5.459999999999997, acceleration, x, -10.0
1d_trajectories/trapezoidal_law_example.json, 5.479999999999997, position, x, -8.24835921350012
1d_trajectories/trapezoidal_law_example.json, 5.479999999999997, velocity, x, -3.0
1d_trajectories/trapezoidal_law_example.json, 5.479999999999997, acceleration, x, -10.0
1d_trajectories/trapezoidal_law_example.json, 5.499999999999997, position, x, -8.308359213500118
1d_trajectories/trapezoidal_law_example.json, 5.499999999999997, velocity, x, -3.0
1d_trajectories/trapezoidal_law_example.json, 5.499999999999997, acceleration, x, -10.0
1d_trajectories/trapezoidal_law_example.json, 5.519999999999997, position, x, -8.368359213500117
1d_trajectories/trapezoidal_law_example.json, 5.519999999999997, velocity, x, -3.0
1d_trajectories/trapezoidal_law_example.json, 5.519999999999997, acceleration, x, -10.0
1d_trajectories/trapezoidal_law_example.json, 5.539999999999997, position, x, -8.42835921350012
1d_trajectories/trapezoidal_law_example.json, 5.539999999999997, velocity, x, -3.0
1d_trajectories/trapezoidal_law_example.json, 5.539999999999997, acceleration, x, -10.0
1d_trajectories/trapezoidal_law_example.json, 5.559999999999997, position, x, -8.488359213500118
1d_trajectories/trapezoidal_law_example.json, 5.559999999999997, velocity, x, -3.0
1d_trajectories/trapezoidal_law_example.json, 5.559999999999997, acceleration, x, -10.0
1d_trajectories/trapezoidal_law_example.json, 5.5799999999999965, position, x, -8.548359213500117
1d_trajectories/trapezoidal_law_example.json, 5.5799999999999965, velocity, x, -3.0
1d_trajectories/trapezoidal_law_example.json, 5.5799999999999965, acceleration, x, -10.0
1d_trajectories/trapezoidal_law_example.json, 5.599999999999997, position, x, -8.608359213500117
1d_trajectories/trapezoidal_law_example.json, 5.599999999999997, velocity, x, -3.0
1d_trajectories/trapezoidal_law_example.json, 5.599999999999997, acceleration, x, -10.0
1d_trajectories/trapezoidal_law_example.json, 5.6199999999999966, position, x, -8.668359213500116
1d_trajectories/trapezoidal_law_example.json, 5.6199999999999966, velocity, x, -3.0
1d_trajectories/trapezoidal_law_example.json, 5.6199999999999966, acceleration, x, -10.0
1d_trajectories/trapezoidal_law_example.json, 5.639999999999997, position, x, -8.728359213500118
1d_trajectories/trapezoidal_law_example.json, 5.639999999999997, velocity, x, -3.0
1d_trajectories/trapezoidal_law_example.json, 5.639999999999997, acceleration, x, -10.0
1d_trajectories/trapezoidal_law_example.json, 5.659999999999997, position, x, -8.788359213500117
1d_trajectories/trapezoidal_law_example.json, 5.659999999999997, velocity, x, -3.0
1d_trajectories/trapezoidal_law_example.json, 5.659999999999997, acceleration, x, -10.0
1d_trajectories/trapezoidal_law_example.json, 5.679999999999997, position, x, -8.848359213500117
1d_trajectories/trapezoidal_law_example.json, 5.679999999999997, velocity, x, -3.0
1d_trajectories/trapezoidal_law_example.json, 5.679999999999997, acceleration, x, -10.0
1d_trajectories/trapezoidal_law_example.json, 5.699999999999997, position, x, -8.908359213500116
1d_trajectories/trapezoidal_law_example.json, 5.699999999999997, velocity, x, -3.0
1d_trajectories/trapezoidal_law_example.json, 5.699999999999997, acceleration, x, -10.0
1d_trajectories/trapezoidal_law_example.json, 5.719999999999997, position, x, -8.968359213500118
1d_trajectories/trapezoidal_law_example.json, 5.719999999999997, velocity, x, -3.0
1d_trajectories/trapezoidal_law_example.json, 5.719999999999997, acceleration, x, -10.0
1d_trajectories/trapezoidal_law_example.json, 5.739999999999997, position, x, -9.028359213500117
1d_trajectories/trapezoidal_law_example.json, 5.739999999999997, velocity, x, -3.0
1d_trajectories/trapezoidal_law_example.json, 5.739999999999997, acceleration, x, -10.0
1d_trajectories/trapezoidal_law_example.json, 5.759999999999997, position, x, -9.088359213500118
1d_trajectories/trapezoidal_law_example.json, 5.759999999999997, velocity, x, -3.0
1d_trajectories/trapezoidal_law_example.json, 5.759999999999997, acceleration, x, -10.0
1d_trajectories/trapezoidal_law_example.json, 5.779999999999997, position, x, -9.148359213500116
1d_trajectories/trapezoidal_law_example.json, 5.779999999999997, velocity, x, -3.0
1d_trajectories/trapezoidal_law_example.json, 5.779999999999997, acceleration, x, -10.0
1d_trajectories/trapezoidal_law_example.json, 5.799999999999997, position, x, -9.208359213500119
1d_trajectories/trapezoidal_law_example.json, 5.799999999999997, velocity, x, -3.0
1d_trajectories/trapezoidal_law_example.json, 5.799999999999997, acceleration, x, -10.0
1d_trajectories/trapezoidal_law_example.json, 5.819999999999997, position, x, -9.268359213500117
1d_trajectories/trapezoidal_law_example.json, 5.819999999999997, velocity, x, -3.0
1d_trajectories/trapezoidal_law_example.json, 5.819999999999997, acceleration, x, -10.0
1d_trajectories/trapezoidal_law_example.json, 5.839999999999997, position, x, -9.328359213500118
1d_trajectories/trapezoidal_law_example.json, 5.839999999999997, velocity, x, -3.0
1d_trajectories/trapezoidal_law_example.json, 5.839999999999997, acceleration, x, -10.0
1d_trajectories/trapezoidal_law_example.json, 5.859999999999997, position, x, -9.388359213500117
1d_trajectories/trapezoidal_law_example.json, 5.859999999999997, velocity, x, -3.0
1d_trajectories/trapezoidal_law_example.json, 5.859999999999997, acceleration, x, -10.0
1d_trajectories/trapezoidal_law_example.json, 5.879999999999996, position, x, -9.448359213500115
1d_trajectories/trapezoidal_law_example.json, 5.879999999999996, velocity, x, -3.0
1d_trajectories/trapezoidal_law_example.json, 5.879999999999996, acceleration, x, -10.0
1d_trajectories/trapezoidal_law_example.json, 5.899999999999997, position, x, -9.508359213500118
1d_trajectories/trapezoidal_law_example.json, 5.899999999999997, velocity, x, -3.0
1d_trajectories/trapezoidal_law_example.json, 5.899999999999997, acceleration, x, -10.0
1d_trajectories/trapezoidal_law_example.json, 5.919999999999996, position, x, -9.56817195754437
1d_trajectories/trapezoidal_law_example.json, 5.919999999999996, velocity, x, -2.938802621666281
1d_trajectories/trapezoidal_law_example.json, 5.919999999999996, acceleration, x, -10.0
1d_trajectories/trapezoidal_law_example.json, 5.939999999999997, position, x, -9.624948009977697
1d_trajectories/trapezoidal_law_example.json, 5.939999999999997, velocity, x, -2.7388026216662764
1d_trajectories/trapezoidal_law_example.json, 5.939999999999997, acceleration, x, -10.0
1d_trajectories/trapezoidal_law_example.json, 5.959999999999996, position, x, -9.677724062411022
1d_trajectories/trapezoidal_law_example.json, 5.959999999999996, velocity, x, -2.5388026216662807
1d_trajectories/trapezoidal_law_example.json, 5.959999999999996, acceleration, x, -10.0
1d_trajectories/trapezoidal_law_example.json, 5.979999999999997, position, x, -9.726500114844347
1d_trajectories/trapezoidal_law_example.json, 5.979999999999997, velocity, x, -2.338802621666276
1d_trajectories/trapezoidal_law_example.json, 5.979999999999997, acceleration, x, -10.0
1d_trajectories/trapezoidal_law_example.json, 5.9999999999999964, position, x, -9.771276167277673
1d_trajectories/trapezoidal_law_example.json, 5.9999999999999964, velocity, x, -2.1388026216662803
1d_trajectories/trapezoidal_law_example.json, 5.9999999999999964, acceleration, x, -10.0
1d_trajectories/trapezoidal_law_example.json, 6.019999999999997, position, x, -9.812052219711
1d_trajectories/trapezoidal_law_example.json, 6.019999999999997, velocity, x, -1.9388026216662757
1d_trajectories/trapezoidal_law_example.json, 6.019999999999997, acceleration, x, -10.0
1d_trajectories/trapezoidal_law_example.json, 6.0399999999999965, position, x, -9.848828272144324
1d_trajectories/trapezoidal_law_example.json, 6.0399999999999965, velocity, x, -1.73880262166628
1d_trajectories/trapezoidal_law_example.json, 6.0399999999999965, acceleration, x, -10.0
1d_trajectories/trapezoidal_law_example.json, 6.059999999999997, position, x, -9.88160432457765
1d_trajectories/trapezoidal_law_example.json, 6.059999999999997, velocity, x, -1.5388026216662753
1d_trajectories/trapezoidal_law_example.json, 6.059999999999997, acceleration, x, -10.0
1d_trajectories/trapezoidal_law_example.json, 6.0799999999999965, position, x, -9.910380377010975
1d_trajectories/trapezoidal_law_example.json, 6.0799999999999965, velocity, x, -1.3388026216662796
1d_trajectories/trapezoidal_law_example.json, 6.0799999999999965, acceleration, x, -10.0
1d_trajectories/trapezoidal_law_example.json, 6.099999999999997, position, x, -9.935156429444302
1d_trajectories/trapezoidal_law_example.json, 6.099999999999997, velocity, x, -1.138802621666275
1d_trajectories/trapezoidal_law_example.json, 6.099999999999997, acceleration, x, -10.0
1d_trajectories/trapezoidal_law_example.json, 6.1199999999999966, position, x, -9.955932481877626
1d_trajectories/trapezoidal_law_example.json, 6.1199999999999966, velocity, x, -0.9388026216662793
1d_trajectories/trapezoidal_law_example.json, 6.1199999999999966, acceleration, x, -10.0
1d_trajectories/trapezoidal_law_example.json, 6.139999999999997, position, x, -9.972708534310952
1d_trajectories/trapezoidal_law_example.json, 6.139999999999997, velocity, x, -0.7388026216662746
1d_trajectories/trapezoidal_law_example.json, 6.139999999999997, acceleration, x, -10.0
1d_trajectories/trapezoidal_law_example.json, 6.159999999999997, position, x, -9.985484586744278
1d_trajectories/trapezoidal_law_example.json, 6.159999999999997, velocity, x, -0.5388026216662789
1d_trajectories/trapezoidal_law_example.json, 6.159999999999997, acceleration, x, -10.0
1d_trajectories/trapezoidal_law_example.json, 6.179999999999997, position, x, -9.994260639177602
1d_trajectories/trapezoidal_law_example.json, 6.179999999999997, velocity, x, -0.3388026216662743
1d_trajectories/trapezoidal_law_example.json, 6.179999999999997, acceleration, x, -10.0
